Path,Format,Number of jobs,Number of machines,T,R,Time limit,Best known solution value,Best known bound,Karabulut2016 / Solution value
"vallada2008/I_0,2_0,2_50_10_1.txt",vallada2008,50,10,0.2,0.2,60,1876,0,1876
"vallada2008/I_0,2_0,2_50_10_2.txt",vallada2008,50,10,0.2,0.2,60,2006,0,2233
"vallada2008/I_0,2_0,2_50_10_3.txt",vallada2008,50,10,0.2,0.2,60,2564,0,2564
"vallada2008/I_0,2_0,2_50_10_4.txt",vallada2008,50,10,0.2,0.2,60,2392,0,2466
"vallada2008/I_0,2_0,2_50_10_5.txt",vallada2008,50,10,0.2,0.2,60,3056,0,3096
"vallada2008/I_0,2_0,2_50_30_1.txt",vallada2008,50,30,0.2,0.2,180,19386,0,19485
"vallada2008/I_0,2_0,2_50_30_2.txt",vallada2008,50,30,0.2,0.2,180,19913,0,19913
"vallada2008/I_0,2_0,2_50_30_3.txt",vallada2008,50,30,0.2,0.2,180,18701,0,18730
"vallada2008/I_0,2_0,2_50_30_4.txt",vallada2008,50,30,0.2,0.2,180,19091,0,19091
"vallada2008/I_0,2_0,2_50_30_5.txt",vallada2008,50,30,0.2,0.2,180,18859,0,18898
"vallada2008/I_0,2_0,2_50_50_1.txt",vallada2008,50,50,0.2,0.2,300,34302,0,34622
"vallada2008/I_0,2_0,2_50_50_2.txt",vallada2008,50,50,0.2,0.2,300,36651,0,36652
"vallada2008/I_0,2_0,2_50_50_3.txt",vallada2008,50,50,0.2,0.2,300,36456,0,36955
"vallada2008/I_0,2_0,2_50_50_4.txt",vallada2008,50,50,0.2,0.2,300,40150,0,40195
"vallada2008/I_0,2_0,2_50_50_5.txt",vallada2008,50,50,0.2,0.2,300,30477,0,30674
"vallada2008/I_0,2_0,2_150_10_1.txt",vallada2008,150,10,0.2,0.2,180,11768,0,11880
"vallada2008/I_0,2_0,2_150_10_2.txt",vallada2008,150,10,0.2,0.2,180,11621,0,11753
"vallada2008/I_0,2_0,2_150_10_3.txt",vallada2008,150,10,0.2,0.2,180,11166,0,11333
"vallada2008/I_0,2_0,2_150_10_4.txt",vallada2008,150,10,0.2,0.2,180,12065,0,12797
"vallada2008/I_0,2_0,2_150_10_5.txt",vallada2008,150,10,0.2,0.2,180,10874,0,11050
"vallada2008/I_0,2_0,2_150_30_1.txt",vallada2008,150,30,0.2,0.2,540,46326,0,46326
"vallada2008/I_0,2_0,2_150_30_2.txt",vallada2008,150,30,0.2,0.2,540,48151,0,48354
"vallada2008/I_0,2_0,2_150_30_3.txt",vallada2008,150,30,0.2,0.2,540,46141,0,46141
"vallada2008/I_0,2_0,2_150_30_4.txt",vallada2008,150,30,0.2,0.2,540,46001,0,47635
"vallada2008/I_0,2_0,2_150_30_5.txt",vallada2008,150,30,0.2,0.2,540,45095,0,45998
"vallada2008/I_0,2_0,2_150_50_1.txt",vallada2008,150,50,0.2,0.2,900,103945,0,103945
"vallada2008/I_0,2_0,2_150_50_2.txt",vallada2008,150,50,0.2,0.2,900,83827,0,84230
"vallada2008/I_0,2_0,2_150_50_3.txt",vallada2008,150,50,0.2,0.2,900,113255,0,114163
"vallada2008/I_0,2_0,2_150_50_4.txt",vallada2008,150,50,0.2,0.2,900,94958,0,97344
"vallada2008/I_0,2_0,2_150_50_5.txt",vallada2008,150,50,0.2,0.2,900,93090,0,93597
"vallada2008/I_0,2_0,2_250_10_1.txt",vallada2008,250,10,0.2,0.2,300,24881,0,24945
"vallada2008/I_0,2_0,2_250_10_2.txt",vallada2008,250,10,0.2,0.2,300,26266,0,26266
"vallada2008/I_0,2_0,2_250_10_3.txt",vallada2008,250,10,0.2,0.2,300,20734,0,20734
"vallada2008/I_0,2_0,2_250_10_4.txt",vallada2008,250,10,0.2,0.2,300,21634,0,21643
"vallada2008/I_0,2_0,2_250_10_5.txt",vallada2008,250,10,0.2,0.2,300,22439,0,22796
"vallada2008/I_0,2_0,2_250_30_1.txt",vallada2008,250,30,0.2,0.2,900,79750,0,79750
"vallada2008/I_0,2_0,2_250_30_2.txt",vallada2008,250,30,0.2,0.2,900,70386,0,70386
"vallada2008/I_0,2_0,2_250_30_3.txt",vallada2008,250,30,0.2,0.2,900,80109,0,80109
"vallada2008/I_0,2_0,2_250_30_4.txt",vallada2008,250,30,0.2,0.2,900,90315,0,90315
"vallada2008/I_0,2_0,2_250_30_5.txt",vallada2008,250,30,0.2,0.2,900,81775,0,81775
"vallada2008/I_0,2_0,2_250_50_1.txt",vallada2008,250,50,0.2,0.2,1500,179028,0,179028
"vallada2008/I_0,2_0,2_250_50_2.txt",vallada2008,250,50,0.2,0.2,1500,187680,0,187680
"vallada2008/I_0,2_0,2_250_50_3.txt",vallada2008,250,50,0.2,0.2,1500,173510,0,173510
"vallada2008/I_0,2_0,2_250_50_4.txt",vallada2008,250,50,0.2,0.2,1500,147899,0,147899
"vallada2008/I_0,2_0,2_250_50_5.txt",vallada2008,250,50,0.2,0.2,1500,172849,0,172849
"vallada2008/I_0,2_0,2_350_10_1.txt",vallada2008,350,10,0.2,0.2,420,45327,0,45565
"vallada2008/I_0,2_0,2_350_10_2.txt",vallada2008,350,10,0.2,0.2,420,29730,0,29831
"vallada2008/I_0,2_0,2_350_10_3.txt",vallada2008,350,10,0.2,0.2,420,45938,0,45938
"vallada2008/I_0,2_0,2_350_10_4.txt",vallada2008,350,10,0.2,0.2,420,38040,0,38409
"vallada2008/I_0,2_0,2_350_10_5.txt",vallada2008,350,10,0.2,0.2,420,50922,0,52064
"vallada2008/I_0,2_0,2_350_30_1.txt",vallada2008,350,30,0.2,0.2,1260,132703,0,132703
"vallada2008/I_0,2_0,2_350_30_2.txt",vallada2008,350,30,0.2,0.2,1260,141163,0,141163
"vallada2008/I_0,2_0,2_350_30_3.txt",vallada2008,350,30,0.2,0.2,1260,125059,0,125059
"vallada2008/I_0,2_0,2_350_30_4.txt",vallada2008,350,30,0.2,0.2,1260,102084,0,102084
"vallada2008/I_0,2_0,2_350_30_5.txt",vallada2008,350,30,0.2,0.2,1260,117893,0,117893
"vallada2008/I_0,2_0,2_350_50_1.txt",vallada2008,350,50,0.2,0.2,2100,251973,0,251973
"vallada2008/I_0,2_0,2_350_50_2.txt",vallada2008,350,50,0.2,0.2,2100,256332,0,256332
"vallada2008/I_0,2_0,2_350_50_3.txt",vallada2008,350,50,0.2,0.2,2100,205596,0,205596
"vallada2008/I_0,2_0,2_350_50_4.txt",vallada2008,350,50,0.2,0.2,2100,275676,0,275676
"vallada2008/I_0,2_0,2_350_50_5.txt",vallada2008,350,50,0.2,0.2,2100,219884,0,219884
"vallada2008/I_0,2_0,6_50_10_1.txt",vallada2008,50,10,0.2,0.6,60,0,0,0
"vallada2008/I_0,2_0,6_50_10_2.txt",vallada2008,50,10,0.2,0.6,60,0,0,0
"vallada2008/I_0,2_0,6_50_10_3.txt",vallada2008,50,10,0.2,0.6,60,0,0,0
"vallada2008/I_0,2_0,6_50_10_4.txt",vallada2008,50,10,0.2,0.6,60,0,0,0
"vallada2008/I_0,2_0,6_50_10_5.txt",vallada2008,50,10,0.2,0.6,60,0,0,0
"vallada2008/I_0,2_0,6_50_30_1.txt",vallada2008,50,30,0.2,0.6,180,12325,0,12325
"vallada2008/I_0,2_0,6_50_30_2.txt",vallada2008,50,30,0.2,0.6,180,10763,0,10763
"vallada2008/I_0,2_0,6_50_30_3.txt",vallada2008,50,30,0.2,0.6,180,16220,0,16605
"vallada2008/I_0,2_0,6_50_30_4.txt",vallada2008,50,30,0.2,0.6,180,18977,0,19155
"vallada2008/I_0,2_0,6_50_30_5.txt",vallada2008,50,30,0.2,0.6,180,21483,0,21483
"vallada2008/I_0,2_0,6_50_50_1.txt",vallada2008,50,50,0.2,0.6,300,37528,0,37750
"vallada2008/I_0,2_0,6_50_50_2.txt",vallada2008,50,50,0.2,0.6,300,28642,0,28652
"vallada2008/I_0,2_0,6_50_50_3.txt",vallada2008,50,50,0.2,0.6,300,34341,0,34341
"vallada2008/I_0,2_0,6_50_50_4.txt",vallada2008,50,50,0.2,0.6,300,41712,0,42124
"vallada2008/I_0,2_0,6_50_50_5.txt",vallada2008,50,50,0.2,0.6,300,42073,0,42073
"vallada2008/I_0,2_0,6_150_10_1.txt",vallada2008,150,10,0.2,0.6,180,0,0,0
"vallada2008/I_0,2_0,6_150_10_2.txt",vallada2008,150,10,0.2,0.6,180,0,0,0
"vallada2008/I_0,2_0,6_150_10_3.txt",vallada2008,150,10,0.2,0.6,180,0,0,0
"vallada2008/I_0,2_0,6_150_10_4.txt",vallada2008,150,10,0.2,0.6,180,0,0,0
"vallada2008/I_0,2_0,6_150_10_5.txt",vallada2008,150,10,0.2,0.6,180,0,0,0
"vallada2008/I_0,2_0,6_150_30_1.txt",vallada2008,150,30,0.2,0.6,540,73,0,161
"vallada2008/I_0,2_0,6_150_30_2.txt",vallada2008,150,30,0.2,0.6,540,23,0,417
"vallada2008/I_0,2_0,6_150_30_3.txt",vallada2008,150,30,0.2,0.6,540,2696,0,2696
"vallada2008/I_0,2_0,6_150_30_4.txt",vallada2008,150,30,0.2,0.6,540,230,0,250
"vallada2008/I_0,2_0,6_150_30_5.txt",vallada2008,150,30,0.2,0.6,540,4227,0,4227
"vallada2008/I_0,2_0,6_150_50_1.txt",vallada2008,150,50,0.2,0.6,900,55904,0,59403
"vallada2008/I_0,2_0,6_150_50_2.txt",vallada2008,150,50,0.2,0.6,900,35198,0,35198
"vallada2008/I_0,2_0,6_150_50_3.txt",vallada2008,150,50,0.2,0.6,900,42508,0,45726
"vallada2008/I_0,2_0,6_150_50_4.txt",vallada2008,150,50,0.2,0.6,900,73934,0,
"vallada2008/I_0,2_0,6_150_50_5.txt",vallada2008,150,50,0.2,0.6,900,42078,0,42078
"vallada2008/I_0,2_0,6_250_10_1.txt",vallada2008,250,10,0.2,0.6,300,0,0,0
"vallada2008/I_0,2_0,6_250_10_2.txt",vallada2008,250,10,0.2,0.6,300,0,0,0
"vallada2008/I_0,2_0,6_250_10_3.txt",vallada2008,250,10,0.2,0.6,300,0,0,0
"vallada2008/I_0,2_0,6_250_10_4.txt",vallada2008,250,10,0.2,0.6,300,0,0,0
"vallada2008/I_0,2_0,6_250_10_5.txt",vallada2008,250,10,0.2,0.6,300,0,0,0
"vallada2008/I_0,2_0,6_250_30_1.txt",vallada2008,250,30,0.2,0.6,900,0,0,0
"vallada2008/I_0,2_0,6_250_30_2.txt",vallada2008,250,30,0.2,0.6,900,0,0,146
"vallada2008/I_0,2_0,6_250_30_3.txt",vallada2008,250,30,0.2,0.6,900,0,0,228
"vallada2008/I_0,2_0,6_250_30_4.txt",vallada2008,250,30,0.2,0.6,900,0,0,0
"vallada2008/I_0,2_0,6_250_30_5.txt",vallada2008,250,30,0.2,0.6,900,0,0,24
"vallada2008/I_0,2_0,6_250_50_1.txt",vallada2008,250,50,0.2,0.6,1500,30533,0,30533
"vallada2008/I_0,2_0,6_250_50_2.txt",vallada2008,250,50,0.2,0.6,1500,31502,0,31502
"vallada2008/I_0,2_0,6_250_50_3.txt",vallada2008,250,50,0.2,0.6,1500,31939,0,31939
"vallada2008/I_0,2_0,6_250_50_4.txt",vallada2008,250,50,0.2,0.6,1500,14529,0,14529
"vallada2008/I_0,2_0,6_250_50_5.txt",vallada2008,250,50,0.2,0.6,1500,57758,0,57758
"vallada2008/I_0,2_0,6_350_10_1.txt",vallada2008,350,10,0.2,0.6,420,0,0,0
"vallada2008/I_0,2_0,6_350_10_2.txt",vallada2008,350,10,0.2,0.6,420,0,0,0
"vallada2008/I_0,2_0,6_350_10_3.txt",vallada2008,350,10,0.2,0.6,420,0,0,0
"vallada2008/I_0,2_0,6_350_10_4.txt",vallada2008,350,10,0.2,0.6,420,0,0,0
"vallada2008/I_0,2_0,6_350_10_5.txt",vallada2008,350,10,0.2,0.6,420,0,0,0
"vallada2008/I_0,2_0,6_350_30_1.txt",vallada2008,350,30,0.2,0.6,1260,0,0,0
"vallada2008/I_0,2_0,6_350_30_2.txt",vallada2008,350,30,0.2,0.6,1260,0,0,0
"vallada2008/I_0,2_0,6_350_30_3.txt",vallada2008,350,30,0.2,0.6,1260,0,0,0
"vallada2008/I_0,2_0,6_350_30_4.txt",vallada2008,350,30,0.2,0.6,1260,0,0,0
"vallada2008/I_0,2_0,6_350_30_5.txt",vallada2008,350,30,0.2,0.6,1260,0,0,0
"vallada2008/I_0,2_0,6_350_50_1.txt",vallada2008,350,50,0.2,0.6,2100,15612,0,15612
"vallada2008/I_0,2_0,6_350_50_2.txt",vallada2008,350,50,0.2,0.6,2100,13173,0,13173
"vallada2008/I_0,2_0,6_350_50_3.txt",vallada2008,350,50,0.2,0.6,2100,14321,0,14321
"vallada2008/I_0,2_0,6_350_50_4.txt",vallada2008,350,50,0.2,0.6,2100,0,0,8
"vallada2008/I_0,2_0,6_350_50_5.txt",vallada2008,350,50,0.2,0.6,2100,20643,0,20643
"vallada2008/I_0,2_1_50_10_1.txt",vallada2008,50,10,0.2,1,60,0,0,0
"vallada2008/I_0,2_1_50_10_2.txt",vallada2008,50,10,0.2,1,60,0,0,0
"vallada2008/I_0,2_1_50_10_3.txt",vallada2008,50,10,0.2,1,60,0,0,0
"vallada2008/I_0,2_1_50_10_4.txt",vallada2008,50,10,0.2,1,60,0,0,0
"vallada2008/I_0,2_1_50_10_5.txt",vallada2008,50,10,0.2,1,60,0,0,0
"vallada2008/I_0,2_1_50_30_1.txt",vallada2008,50,30,0.2,1,180,9849,0,9849
"vallada2008/I_0,2_1_50_30_2.txt",vallada2008,50,30,0.2,1,180,15478,0,15618
"vallada2008/I_0,2_1_50_30_3.txt",vallada2008,50,30,0.2,1,180,18933,0,19030
"vallada2008/I_0,2_1_50_30_4.txt",vallada2008,50,30,0.2,1,180,11830,0,11841
"vallada2008/I_0,2_1_50_30_5.txt",vallada2008,50,30,0.2,1,180,13839,0,13992
"vallada2008/I_0,2_1_50_50_1.txt",vallada2008,50,50,0.2,1,300,28257,0,28418
"vallada2008/I_0,2_1_50_50_2.txt",vallada2008,50,50,0.2,1,300,34288,0,34300
"vallada2008/I_0,2_1_50_50_3.txt",vallada2008,50,50,0.2,1,300,40352,0,40352
"vallada2008/I_0,2_1_50_50_4.txt",vallada2008,50,50,0.2,1,300,36105,0,36105
"vallada2008/I_0,2_1_50_50_5.txt",vallada2008,50,50,0.2,1,300,38524,0,38778
"vallada2008/I_0,2_1_150_10_1.txt",vallada2008,150,10,0.2,1,180,0,0,0
"vallada2008/I_0,2_1_150_10_2.txt",vallada2008,150,10,0.2,1,180,0,0,0
"vallada2008/I_0,2_1_150_10_3.txt",vallada2008,150,10,0.2,1,180,0,0,0
"vallada2008/I_0,2_1_150_10_4.txt",vallada2008,150,10,0.2,1,180,0,0,0
"vallada2008/I_0,2_1_150_10_5.txt",vallada2008,150,10,0.2,1,180,0,0,0
"vallada2008/I_0,2_1_150_30_1.txt",vallada2008,150,30,0.2,1,540,0,0,0
"vallada2008/I_0,2_1_150_30_2.txt",vallada2008,150,30,0.2,1,540,0,0,0
"vallada2008/I_0,2_1_150_30_3.txt",vallada2008,150,30,0.2,1,540,0,0,0
"vallada2008/I_0,2_1_150_30_4.txt",vallada2008,150,30,0.2,1,540,0,0,0
"vallada2008/I_0,2_1_150_30_5.txt",vallada2008,150,30,0.2,1,540,0,0,0
"vallada2008/I_0,2_1_150_50_1.txt",vallada2008,150,50,0.2,1,900,0,0,328
"vallada2008/I_0,2_1_150_50_2.txt",vallada2008,150,50,0.2,1,900,24190,0,25667
"vallada2008/I_0,2_1_150_50_3.txt",vallada2008,150,50,0.2,1,900,23477,0,25494
"vallada2008/I_0,2_1_150_50_4.txt",vallada2008,150,50,0.2,1,900,29854,0,31716
"vallada2008/I_0,2_1_150_50_5.txt",vallada2008,150,50,0.2,1,900,22294,0,23440
"vallada2008/I_0,2_1_250_10_1.txt",vallada2008,250,10,0.2,1,300,0,0,0
"vallada2008/I_0,2_1_250_10_2.txt",vallada2008,250,10,0.2,1,300,0,0,0
"vallada2008/I_0,2_1_250_10_3.txt",vallada2008,250,10,0.2,1,300,0,0,0
"vallada2008/I_0,2_1_250_10_4.txt",vallada2008,250,10,0.2,1,300,0,0,0
"vallada2008/I_0,2_1_250_10_5.txt",vallada2008,250,10,0.2,1,300,0,0,0
"vallada2008/I_0,2_1_250_30_1.txt",vallada2008,250,30,0.2,1,900,0,0,0
"vallada2008/I_0,2_1_250_30_2.txt",vallada2008,250,30,0.2,1,900,0,0,0
"vallada2008/I_0,2_1_250_30_3.txt",vallada2008,250,30,0.2,1,900,0,0,0
"vallada2008/I_0,2_1_250_30_4.txt",vallada2008,250,30,0.2,1,900,0,0,0
"vallada2008/I_0,2_1_250_30_5.txt",vallada2008,250,30,0.2,1,900,0,0,0
"vallada2008/I_0,2_1_250_50_1.txt",vallada2008,250,50,0.2,1,1500,0,0,0
"vallada2008/I_0,2_1_250_50_2.txt",vallada2008,250,50,0.2,1,1500,0,0,0
"vallada2008/I_0,2_1_250_50_3.txt",vallada2008,250,50,0.2,1,1500,0,0,0
"vallada2008/I_0,2_1_250_50_4.txt",vallada2008,250,50,0.2,1,1500,0,0,0
"vallada2008/I_0,2_1_250_50_5.txt",vallada2008,250,50,0.2,1,1500,0,0,0
"vallada2008/I_0,2_1_350_10_1.txt",vallada2008,350,10,0.2,1,420,0,0,0
"vallada2008/I_0,2_1_350_10_2.txt",vallada2008,350,10,0.2,1,420,0,0,0
"vallada2008/I_0,2_1_350_10_3.txt",vallada2008,350,10,0.2,1,420,0,0,0
"vallada2008/I_0,2_1_350_10_4.txt",vallada2008,350,10,0.2,1,420,0,0,0
"vallada2008/I_0,2_1_350_10_5.txt",vallada2008,350,10,0.2,1,420,0,0,0
"vallada2008/I_0,2_1_350_30_1.txt",vallada2008,350,30,0.2,1,1260,0,0,0
"vallada2008/I_0,2_1_350_30_2.txt",vallada2008,350,30,0.2,1,1260,0,0,0
"vallada2008/I_0,2_1_350_30_3.txt",vallada2008,350,30,0.2,1,1260,0,0,0
"vallada2008/I_0,2_1_350_30_4.txt",vallada2008,350,30,0.2,1,1260,0,0,0
"vallada2008/I_0,2_1_350_30_5.txt",vallada2008,350,30,0.2,1,1260,0,0,0
"vallada2008/I_0,2_1_350_50_1.txt",vallada2008,350,50,0.2,1,2100,0,0,0
"vallada2008/I_0,2_1_350_50_2.txt",vallada2008,350,50,0.2,1,2100,0,0,0
"vallada2008/I_0,2_1_350_50_3.txt",vallada2008,350,50,0.2,1,2100,0,0,0
"vallada2008/I_0,2_1_350_50_4.txt",vallada2008,350,50,0.2,1,2100,0,0,0
"vallada2008/I_0,2_1_350_50_5.txt",vallada2008,350,50,0.2,1,2100,0,0,0
"vallada2008/I_0,4_0,2_50_10_1.txt",vallada2008,50,10,0.4,0.2,60,12420,0,12423
"vallada2008/I_0,4_0,2_50_10_2.txt",vallada2008,50,10,0.4,0.2,60,12193,0,12224
"vallada2008/I_0,4_0,2_50_10_3.txt",vallada2008,50,10,0.4,0.2,60,13303,0,13532
"vallada2008/I_0,4_0,2_50_10_4.txt",vallada2008,50,10,0.4,0.2,60,13371,0,13436
"vallada2008/I_0,4_0,2_50_10_5.txt",vallada2008,50,10,0.4,0.2,60,15552,0,15815
"vallada2008/I_0,4_0,2_50_30_1.txt",vallada2008,50,30,0.4,0.2,180,49443,0,49516
"vallada2008/I_0,4_0,2_50_30_2.txt",vallada2008,50,30,0.4,0.2,180,44904,0,44904
"vallada2008/I_0,4_0,2_50_30_3.txt",vallada2008,50,30,0.4,0.2,180,47371,0,47371
"vallada2008/I_0,4_0,2_50_30_4.txt",vallada2008,50,30,0.4,0.2,180,43897,0,43897
"vallada2008/I_0,4_0,2_50_30_5.txt",vallada2008,50,30,0.4,0.2,180,43908,0,44090
"vallada2008/I_0,4_0,2_50_50_1.txt",vallada2008,50,50,0.4,0.2,300,78295,0,78297
"vallada2008/I_0,4_0,2_50_50_2.txt",vallada2008,50,50,0.4,0.2,300,75772,0,75772
"vallada2008/I_0,4_0,2_50_50_3.txt",vallada2008,50,50,0.4,0.2,300,77368,0,77368
"vallada2008/I_0,4_0,2_50_50_4.txt",vallada2008,50,50,0.4,0.2,300,69140,0,69215
"vallada2008/I_0,4_0,2_50_50_5.txt",vallada2008,50,50,0.4,0.2,300,81228,0,81228
"vallada2008/I_0,4_0,2_150_10_1.txt",vallada2008,150,10,0.4,0.2,180,72538,0,72760
"vallada2008/I_0,4_0,2_150_10_2.txt",vallada2008,150,10,0.4,0.2,180,66879,0,67407
"vallada2008/I_0,4_0,2_150_10_3.txt",vallada2008,150,10,0.4,0.2,180,66926,0,67838
"vallada2008/I_0,4_0,2_150_10_4.txt",vallada2008,150,10,0.4,0.2,180,81354,0,81354
"vallada2008/I_0,4_0,2_150_10_5.txt",vallada2008,150,10,0.4,0.2,180,74816,0,76780
"vallada2008/I_0,4_0,2_150_30_1.txt",vallada2008,150,30,0.4,0.2,540,158040,0,158040
"vallada2008/I_0,4_0,2_150_30_2.txt",vallada2008,150,30,0.4,0.2,540,166441,0,166962
"vallada2008/I_0,4_0,2_150_30_3.txt",vallada2008,150,30,0.4,0.2,540,176730,0,176730
"vallada2008/I_0,4_0,2_150_30_4.txt",vallada2008,150,30,0.4,0.2,540,175578,0,177143
"vallada2008/I_0,4_0,2_150_30_5.txt",vallada2008,150,30,0.4,0.2,540,170843,0,170843
"vallada2008/I_0,4_0,2_150_50_1.txt",vallada2008,150,50,0.4,0.2,900,281820,0,281820
"vallada2008/I_0,4_0,2_150_50_2.txt",vallada2008,150,50,0.4,0.2,900,273296,0,275802
"vallada2008/I_0,4_0,2_150_50_3.txt",vallada2008,150,50,0.4,0.2,900,281635,0,282575
"vallada2008/I_0,4_0,2_150_50_4.txt",vallada2008,150,50,0.4,0.2,900,303473,0,303473
"vallada2008/I_0,4_0,2_150_50_5.txt",vallada2008,150,50,0.4,0.2,900,287845,0,292069
"vallada2008/I_0,4_0,2_250_10_1.txt",vallada2008,250,10,0.4,0.2,300,169984,0,172532
"vallada2008/I_0,4_0,2_250_10_2.txt",vallada2008,250,10,0.4,0.2,300,178581,0,180972
"vallada2008/I_0,4_0,2_250_10_3.txt",vallada2008,250,10,0.4,0.2,300,172809,0,173461
"vallada2008/I_0,4_0,2_250_10_4.txt",vallada2008,250,10,0.4,0.2,300,177154,0,177154
"vallada2008/I_0,4_0,2_250_10_5.txt",vallada2008,250,10,0.4,0.2,300,194114,0,195123
"vallada2008/I_0,4_0,2_250_30_1.txt",vallada2008,250,30,0.4,0.2,900,320217,0,320217
"vallada2008/I_0,4_0,2_250_30_2.txt",vallada2008,250,30,0.4,0.2,900,376593,0,376593
"vallada2008/I_0,4_0,2_250_30_3.txt",vallada2008,250,30,0.4,0.2,900,350132,0,350132
"vallada2008/I_0,4_0,2_250_30_4.txt",vallada2008,250,30,0.4,0.2,900,332874,0,332874
"vallada2008/I_0,4_0,2_250_30_5.txt",vallada2008,250,30,0.4,0.2,900,336187,0,336187
"vallada2008/I_0,4_0,2_250_50_1.txt",vallada2008,250,50,0.4,0.2,1500,564094,0,564094
"vallada2008/I_0,4_0,2_250_50_2.txt",vallada2008,250,50,0.4,0.2,1500,521258,0,521258
"vallada2008/I_0,4_0,2_250_50_3.txt",vallada2008,250,50,0.4,0.2,1500,552389,0,552389
"vallada2008/I_0,4_0,2_250_50_4.txt",vallada2008,250,50,0.4,0.2,1500,563059,0,563059
"vallada2008/I_0,4_0,2_250_50_5.txt",vallada2008,250,50,0.4,0.2,1500,567571,0,567571
"vallada2008/I_0,4_0,2_350_10_1.txt",vallada2008,350,10,0.4,0.2,420,338815,0,338815
"vallada2008/I_0,4_0,2_350_10_2.txt",vallada2008,350,10,0.4,0.2,420,338451,0,338451
"vallada2008/I_0,4_0,2_350_10_3.txt",vallada2008,350,10,0.4,0.2,420,325580,0,325580
"vallada2008/I_0,4_0,2_350_10_4.txt",vallada2008,350,10,0.4,0.2,420,367354,0,367354
"vallada2008/I_0,4_0,2_350_10_5.txt",vallada2008,350,10,0.4,0.2,420,332979,0,333267
"vallada2008/I_0,4_0,2_350_30_1.txt",vallada2008,350,30,0.4,0.2,1260,583408,0,583408
"vallada2008/I_0,4_0,2_350_30_2.txt",vallada2008,350,30,0.4,0.2,1260,585673,0,585673
"vallada2008/I_0,4_0,2_350_30_3.txt",vallada2008,350,30,0.4,0.2,1260,614143,0,614143
"vallada2008/I_0,4_0,2_350_30_4.txt",vallada2008,350,30,0.4,0.2,1260,638863,0,638863
"vallada2008/I_0,4_0,2_350_30_5.txt",vallada2008,350,30,0.4,0.2,1260,620449,0,620449
"vallada2008/I_0,4_0,2_350_50_1.txt",vallada2008,350,50,0.4,0.2,2100,895184,0,895184
"vallada2008/I_0,4_0,2_350_50_2.txt",vallada2008,350,50,0.4,0.2,2100,833751,0,833751
"vallada2008/I_0,4_0,2_350_50_3.txt",vallada2008,350,50,0.4,0.2,2100,907601,0,907601
"vallada2008/I_0,4_0,2_350_50_4.txt",vallada2008,350,50,0.4,0.2,2100,934513,0,934513
"vallada2008/I_0,4_0,2_350_50_5.txt",vallada2008,350,50,0.4,0.2,2100,918792,0,918792
"vallada2008/I_0,4_0,6_50_10_1.txt",vallada2008,50,10,0.4,0.6,60,12705,0,12835
"vallada2008/I_0,4_0,6_50_10_2.txt",vallada2008,50,10,0.4,0.6,60,6575,0,6575
"vallada2008/I_0,4_0,6_50_10_3.txt",vallada2008,50,10,0.4,0.6,60,9739,0,9739
"vallada2008/I_0,4_0,6_50_10_4.txt",vallada2008,50,10,0.4,0.6,60,13106,0,13106
"vallada2008/I_0,4_0,6_50_10_5.txt",vallada2008,50,10,0.4,0.6,60,10592,0,10592
"vallada2008/I_0,4_0,6_50_30_1.txt",vallada2008,50,30,0.4,0.6,180,44456,0,44536
"vallada2008/I_0,4_0,6_50_30_2.txt",vallada2008,50,30,0.4,0.6,180,43821,0,43821
"vallada2008/I_0,4_0,6_50_30_3.txt",vallada2008,50,30,0.4,0.6,180,41732,0,41732
"vallada2008/I_0,4_0,6_50_30_4.txt",vallada2008,50,30,0.4,0.6,180,44919,0,44919
"vallada2008/I_0,4_0,6_50_30_5.txt",vallada2008,50,30,0.4,0.6,180,42958,0,42966
"vallada2008/I_0,4_0,6_50_50_1.txt",vallada2008,50,50,0.4,0.6,300,77609,0,77745
"vallada2008/I_0,4_0,6_50_50_2.txt",vallada2008,50,50,0.4,0.6,300,79059,0,79059
"vallada2008/I_0,4_0,6_50_50_3.txt",vallada2008,50,50,0.4,0.6,300,84312,0,84312
"vallada2008/I_0,4_0,6_50_50_4.txt",vallada2008,50,50,0.4,0.6,300,84665,0,84799
"vallada2008/I_0,4_0,6_50_50_5.txt",vallada2008,50,50,0.4,0.6,300,69945,0,69945
"vallada2008/I_0,4_0,6_150_10_1.txt",vallada2008,150,10,0.4,0.6,180,14872,0,15235
"vallada2008/I_0,4_0,6_150_10_2.txt",vallada2008,150,10,0.4,0.6,180,22236,0,22998
"vallada2008/I_0,4_0,6_150_10_3.txt",vallada2008,150,10,0.4,0.6,180,28736,0,28736
"vallada2008/I_0,4_0,6_150_10_4.txt",vallada2008,150,10,0.4,0.6,180,30148,0,30672
"vallada2008/I_0,4_0,6_150_10_5.txt",vallada2008,150,10,0.4,0.6,180,24986,0,24986
"vallada2008/I_0,4_0,6_150_30_1.txt",vallada2008,150,30,0.4,0.6,540,164064,0,164489
"vallada2008/I_0,4_0,6_150_30_2.txt",vallada2008,150,30,0.4,0.6,540,143912,0,143912
"vallada2008/I_0,4_0,6_150_30_3.txt",vallada2008,150,30,0.4,0.6,540,161370,0,161370
"vallada2008/I_0,4_0,6_150_30_4.txt",vallada2008,150,30,0.4,0.6,540,128060,0,128060
"vallada2008/I_0,4_0,6_150_30_5.txt",vallada2008,150,30,0.4,0.6,540,88073,0,88959
"vallada2008/I_0,4_0,6_150_50_1.txt",vallada2008,150,50,0.4,0.6,900,281776,0,281776
"vallada2008/I_0,4_0,6_150_50_2.txt",vallada2008,150,50,0.4,0.6,900,238684,0,242673
"vallada2008/I_0,4_0,6_150_50_3.txt",vallada2008,150,50,0.4,0.6,900,235344,0,237799
"vallada2008/I_0,4_0,6_150_50_4.txt",vallada2008,150,50,0.4,0.6,900,269975,0,269975
"vallada2008/I_0,4_0,6_150_50_5.txt",vallada2008,150,50,0.4,0.6,900,260958,0,262816
"vallada2008/I_0,4_0,6_250_10_1.txt",vallada2008,250,10,0.4,0.6,300,82848,0,83557
"vallada2008/I_0,4_0,6_250_10_2.txt",vallada2008,250,10,0.4,0.6,300,53894,0,53894
"vallada2008/I_0,4_0,6_250_10_3.txt",vallada2008,250,10,0.4,0.6,300,54055,0,54055
"vallada2008/I_0,4_0,6_250_10_4.txt",vallada2008,250,10,0.4,0.6,300,63757,0,63757
"vallada2008/I_0,4_0,6_250_10_5.txt",vallada2008,250,10,0.4,0.6,300,43298,0,43835
"vallada2008/I_0,4_0,6_250_30_1.txt",vallada2008,250,30,0.4,0.6,900,236700,0,236700
"vallada2008/I_0,4_0,6_250_30_2.txt",vallada2008,250,30,0.4,0.6,900,214038,0,214038
"vallada2008/I_0,4_0,6_250_30_3.txt",vallada2008,250,30,0.4,0.6,900,260379,0,260379
"vallada2008/I_0,4_0,6_250_30_4.txt",vallada2008,250,30,0.4,0.6,900,194021,0,194021
"vallada2008/I_0,4_0,6_250_30_5.txt",vallada2008,250,30,0.4,0.6,900,207527,0,207527
"vallada2008/I_0,4_0,6_250_50_1.txt",vallada2008,250,50,0.4,0.6,1500,487051,0,487051
"vallada2008/I_0,4_0,6_250_50_2.txt",vallada2008,250,50,0.4,0.6,1500,453459,0,453459
"vallada2008/I_0,4_0,6_250_50_3.txt",vallada2008,250,50,0.4,0.6,1500,480778,0,480778
"vallada2008/I_0,4_0,6_250_50_4.txt",vallada2008,250,50,0.4,0.6,1500,382893,0,382893
"vallada2008/I_0,4_0,6_250_50_5.txt",vallada2008,250,50,0.4,0.6,1500,435335,0,435335
"vallada2008/I_0,4_0,6_350_10_1.txt",vallada2008,350,10,0.4,0.6,420,68711,0,69385
"vallada2008/I_0,4_0,6_350_10_2.txt",vallada2008,350,10,0.4,0.6,420,129014,0,129014
"vallada2008/I_0,4_0,6_350_10_3.txt",vallada2008,350,10,0.4,0.6,420,113047,0,113047
"vallada2008/I_0,4_0,6_350_10_4.txt",vallada2008,350,10,0.4,0.6,420,90677,0,90677
"vallada2008/I_0,4_0,6_350_10_5.txt",vallada2008,350,10,0.4,0.6,420,74716,0,75732
"vallada2008/I_0,4_0,6_350_30_1.txt",vallada2008,350,30,0.4,0.6,1260,271030,0,271030
"vallada2008/I_0,4_0,6_350_30_2.txt",vallada2008,350,30,0.4,0.6,1260,289382,0,289382
"vallada2008/I_0,4_0,6_350_30_3.txt",vallada2008,350,30,0.4,0.6,1260,298430,0,298430
"vallada2008/I_0,4_0,6_350_30_4.txt",vallada2008,350,30,0.4,0.6,1260,405927,0,405927
"vallada2008/I_0,4_0,6_350_30_5.txt",vallada2008,350,30,0.4,0.6,1260,343419,0,343419
"vallada2008/I_0,4_0,6_350_50_1.txt",vallada2008,350,50,0.4,0.6,2100,626725,0,626725
"vallada2008/I_0,4_0,6_350_50_2.txt",vallada2008,350,50,0.4,0.6,2100,605560,0,605560
"vallada2008/I_0,4_0,6_350_50_3.txt",vallada2008,350,50,0.4,0.6,2100,656818,0,656818
"vallada2008/I_0,4_0,6_350_50_4.txt",vallada2008,350,50,0.4,0.6,2100,621731,0,621731
"vallada2008/I_0,4_0,6_350_50_5.txt",vallada2008,350,50,0.4,0.6,2100,651406,0,651406
"vallada2008/I_0,4_1_50_10_1.txt",vallada2008,50,10,0.4,1,60,8499,0,8499
"vallada2008/I_0,4_1_50_10_2.txt",vallada2008,50,10,0.4,1,60,8155,0,8155
"vallada2008/I_0,4_1_50_10_3.txt",vallada2008,50,10,0.4,1,60,2397,0,2397
"vallada2008/I_0,4_1_50_10_4.txt",vallada2008,50,10,0.4,1,60,7116,0,7116
"vallada2008/I_0,4_1_50_10_5.txt",vallada2008,50,10,0.4,1,60,19526,0,19577
"vallada2008/I_0,4_1_50_30_1.txt",vallada2008,50,30,0.4,1,180,57123,0,57125
"vallada2008/I_0,4_1_50_30_2.txt",vallada2008,50,30,0.4,1,180,53266,0,53266
"vallada2008/I_0,4_1_50_30_3.txt",vallada2008,50,30,0.4,1,180,44802,0,44802
"vallada2008/I_0,4_1_50_30_4.txt",vallada2008,50,30,0.4,1,180,47587,0,47641
"vallada2008/I_0,4_1_50_30_5.txt",vallada2008,50,30,0.4,1,180,40849,0,40952
"vallada2008/I_0,4_1_50_50_1.txt",vallada2008,50,50,0.4,1,300,73050,0,73348
"vallada2008/I_0,4_1_50_50_2.txt",vallada2008,50,50,0.4,1,300,80918,0,80922
"vallada2008/I_0,4_1_50_50_3.txt",vallada2008,50,50,0.4,1,300,81772,0,81772
"vallada2008/I_0,4_1_50_50_4.txt",vallada2008,50,50,0.4,1,300,67321,0,67670
"vallada2008/I_0,4_1_50_50_5.txt",vallada2008,50,50,0.4,1,300,89594,0,89633
"vallada2008/I_0,4_1_150_10_1.txt",vallada2008,150,10,0.4,1,180,2899,0,3129
"vallada2008/I_0,4_1_150_10_2.txt",vallada2008,150,10,0.4,1,180,10318,0,10753
"vallada2008/I_0,4_1_150_10_3.txt",vallada2008,150,10,0.4,1,180,22810,0,22919
"vallada2008/I_0,4_1_150_10_4.txt",vallada2008,150,10,0.4,1,180,0,0,0
"vallada2008/I_0,4_1_150_10_5.txt",vallada2008,150,10,0.4,1,180,13321,0,13880
"vallada2008/I_0,4_1_150_30_1.txt",vallada2008,150,30,0.4,1,540,119777,0,119777
"vallada2008/I_0,4_1_150_30_2.txt",vallada2008,150,30,0.4,1,540,110936,0,111915
"vallada2008/I_0,4_1_150_30_3.txt",vallada2008,150,30,0.4,1,540,166102,0,169100
"vallada2008/I_0,4_1_150_30_4.txt",vallada2008,150,30,0.4,1,540,110250,0,110256
"vallada2008/I_0,4_1_150_30_5.txt",vallada2008,150,30,0.4,1,540,151026,0,152309
"vallada2008/I_0,4_1_150_50_1.txt",vallada2008,150,50,0.4,1,900,211616,0,211616
"vallada2008/I_0,4_1_150_50_2.txt",vallada2008,150,50,0.4,1,900,268134,0,268134
"vallada2008/I_0,4_1_150_50_3.txt",vallada2008,150,50,0.4,1,900,247776,0,251674
"vallada2008/I_0,4_1_150_50_4.txt",vallada2008,150,50,0.4,1,900,205840,0,205840
"vallada2008/I_0,4_1_150_50_5.txt",vallada2008,150,50,0.4,1,900,253633,0,256066
"vallada2008/I_0,4_1_250_10_1.txt",vallada2008,250,10,0.4,1,300,0,0,0
"vallada2008/I_0,4_1_250_10_2.txt",vallada2008,250,10,0.4,1,300,0,0,0
"vallada2008/I_0,4_1_250_10_3.txt",vallada2008,250,10,0.4,1,300,0,0,0
"vallada2008/I_0,4_1_250_10_4.txt",vallada2008,250,10,0.4,1,300,150,0,382
"vallada2008/I_0,4_1_250_10_5.txt",vallada2008,250,10,0.4,1,300,0,0,0
"vallada2008/I_0,4_1_250_30_1.txt",vallada2008,250,30,0.4,1,900,85765,0,87149
"vallada2008/I_0,4_1_250_30_2.txt",vallada2008,250,30,0.4,1,900,64140,0,64140
"vallada2008/I_0,4_1_250_30_3.txt",vallada2008,250,30,0.4,1,900,157622,0,157622
"vallada2008/I_0,4_1_250_30_4.txt",vallada2008,250,30,0.4,1,900,99406,0,99406
"vallada2008/I_0,4_1_250_30_5.txt",vallada2008,250,30,0.4,1,900,183664,0,183664
"vallada2008/I_0,4_1_250_50_1.txt",vallada2008,250,50,0.4,1,1500,488410,0,488410
"vallada2008/I_0,4_1_250_50_2.txt",vallada2008,250,50,0.4,1,1500,425275,0,425275
"vallada2008/I_0,4_1_250_50_3.txt",vallada2008,250,50,0.4,1,1500,415758,0,415758
"vallada2008/I_0,4_1_250_50_4.txt",vallada2008,250,50,0.4,1,1500,357260,0,357260
"vallada2008/I_0,4_1_250_50_5.txt",vallada2008,250,50,0.4,1,1500,334505,0,336308
"vallada2008/I_0,4_1_350_10_1.txt",vallada2008,350,10,0.4,1,420,0,0,0
"vallada2008/I_0,4_1_350_10_2.txt",vallada2008,350,10,0.4,1,420,0,0,0
"vallada2008/I_0,4_1_350_10_3.txt",vallada2008,350,10,0.4,1,420,0,0,0
"vallada2008/I_0,4_1_350_10_4.txt",vallada2008,350,10,0.4,1,420,0,0,0
"vallada2008/I_0,4_1_350_10_5.txt",vallada2008,350,10,0.4,1,420,1039,0,1758
"vallada2008/I_0,4_1_350_30_1.txt",vallada2008,350,30,0.4,1,1260,220495,0,220495
"vallada2008/I_0,4_1_350_30_2.txt",vallada2008,350,30,0.4,1,1260,118736,0,118736
"vallada2008/I_0,4_1_350_30_3.txt",vallada2008,350,30,0.4,1,1260,178976,0,178976
"vallada2008/I_0,4_1_350_30_4.txt",vallada2008,350,30,0.4,1,1260,65475,0,65475
"vallada2008/I_0,4_1_350_30_5.txt",vallada2008,350,30,0.4,1,1260,54121,0,54121
"vallada2008/I_0,4_1_350_50_1.txt",vallada2008,350,50,0.4,1,2100,485630,0,485630
"vallada2008/I_0,4_1_350_50_2.txt",vallada2008,350,50,0.4,1,2100,474653,0,474653
"vallada2008/I_0,4_1_350_50_3.txt",vallada2008,350,50,0.4,1,2100,302386,0,302386
"vallada2008/I_0,4_1_350_50_4.txt",vallada2008,350,50,0.4,1,2100,495969,0,495969
"vallada2008/I_0,4_1_350_50_5.txt",vallada2008,350,50,0.4,1,2100,409281,0,409281
"vallada2008/I_0,6_0,2_50_10_1.txt",vallada2008,50,10,0.6,0.2,60,32237,0,32237
"vallada2008/I_0,6_0,2_50_10_2.txt",vallada2008,50,10,0.6,0.2,60,31108,0,31270
"vallada2008/I_0,6_0,2_50_10_3.txt",vallada2008,50,10,0.6,0.2,60,31138,0,31271
"vallada2008/I_0,6_0,2_50_10_4.txt",vallada2008,50,10,0.6,0.2,60,33937,0,34234
"vallada2008/I_0,6_0,2_50_10_5.txt",vallada2008,50,10,0.6,0.2,60,33539,0,33975
"vallada2008/I_0,6_0,2_50_30_1.txt",vallada2008,50,30,0.6,0.2,180,79997,0,79997
"vallada2008/I_0,6_0,2_50_30_2.txt",vallada2008,50,30,0.6,0.2,180,78802,0,78824
"vallada2008/I_0,6_0,2_50_30_3.txt",vallada2008,50,30,0.6,0.2,180,77951,0,77951
"vallada2008/I_0,6_0,2_50_30_4.txt",vallada2008,50,30,0.6,0.2,180,75424,0,75606
"vallada2008/I_0,6_0,2_50_30_5.txt",vallada2008,50,30,0.6,0.2,180,82519,0,82587
"vallada2008/I_0,6_0,2_50_50_1.txt",vallada2008,50,50,0.6,0.2,300,121013,0,121287
"vallada2008/I_0,6_0,2_50_50_2.txt",vallada2008,50,50,0.6,0.2,300,131296,0,131611
"vallada2008/I_0,6_0,2_50_50_3.txt",vallada2008,50,50,0.6,0.2,300,125744,0,125991
"vallada2008/I_0,6_0,2_50_50_4.txt",vallada2008,50,50,0.6,0.2,300,125193,0,125474
"vallada2008/I_0,6_0,2_50_50_5.txt",vallada2008,50,50,0.6,0.2,300,120302,0,120744
"vallada2008/I_0,6_0,2_150_10_1.txt",vallada2008,150,10,0.6,0.2,180,196385,0,196908
"vallada2008/I_0,6_0,2_150_10_2.txt",vallada2008,150,10,0.6,0.2,180,200127,0,200127
"vallada2008/I_0,6_0,2_150_10_3.txt",vallada2008,150,10,0.6,0.2,180,203963,0,204658
"vallada2008/I_0,6_0,2_150_10_4.txt",vallada2008,150,10,0.6,0.2,180,192752,0,193431
"vallada2008/I_0,6_0,2_150_10_5.txt",vallada2008,150,10,0.6,0.2,180,201988,0,204653
"vallada2008/I_0,6_0,2_150_30_1.txt",vallada2008,150,30,0.6,0.2,540,364656,0,364892
"vallada2008/I_0,6_0,2_150_30_2.txt",vallada2008,150,30,0.6,0.2,540,336615,0,337606
"vallada2008/I_0,6_0,2_150_30_3.txt",vallada2008,150,30,0.6,0.2,540,371392,0,374940
"vallada2008/I_0,6_0,2_150_30_4.txt",vallada2008,150,30,0.6,0.2,540,357140,0,357189
"vallada2008/I_0,6_0,2_150_30_5.txt",vallada2008,150,30,0.6,0.2,540,347219,0,350250
"vallada2008/I_0,6_0,2_150_50_1.txt",vallada2008,150,50,0.6,0.2,900,509024,0,511775
"vallada2008/I_0,6_0,2_150_50_2.txt",vallada2008,150,50,0.6,0.2,900,524130,0,524780
"vallada2008/I_0,6_0,2_150_50_3.txt",vallada2008,150,50,0.6,0.2,900,527933,0,529808
"vallada2008/I_0,6_0,2_150_50_4.txt",vallada2008,150,50,0.6,0.2,900,528122,0,532236
"vallada2008/I_0,6_0,2_150_50_5.txt",vallada2008,150,50,0.6,0.2,900,542100,0,545283
"vallada2008/I_0,6_0,2_250_10_1.txt",vallada2008,250,10,0.6,0.2,300,490960,0,490960
"vallada2008/I_0,6_0,2_250_10_2.txt",vallada2008,250,10,0.6,0.2,300,491667,0,491667
"vallada2008/I_0,6_0,2_250_10_3.txt",vallada2008,250,10,0.6,0.2,300,512174,0,512174
"vallada2008/I_0,6_0,2_250_10_4.txt",vallada2008,250,10,0.6,0.2,300,490890,0,490890
"vallada2008/I_0,6_0,2_250_10_5.txt",vallada2008,250,10,0.6,0.2,300,507173,0,512341
"vallada2008/I_0,6_0,2_250_30_1.txt",vallada2008,250,30,0.6,0.2,900,813574,0,813574
"vallada2008/I_0,6_0,2_250_30_2.txt",vallada2008,250,30,0.6,0.2,900,830108,0,831226
"vallada2008/I_0,6_0,2_250_30_3.txt",vallada2008,250,30,0.6,0.2,900,815992,0,815992
"vallada2008/I_0,6_0,2_250_30_4.txt",vallada2008,250,30,0.6,0.2,900,825271,0,830137
"vallada2008/I_0,6_0,2_250_30_5.txt",vallada2008,250,30,0.6,0.2,900,837421,0,837533
"vallada2008/I_0,6_0,2_250_50_1.txt",vallada2008,250,50,0.6,0.2,1500,1113981,0,1119274
"vallada2008/I_0,6_0,2_250_50_2.txt",vallada2008,250,50,0.6,0.2,1500,1137566,0,1143176
"vallada2008/I_0,6_0,2_250_50_3.txt",vallada2008,250,50,0.6,0.2,1500,1088911,0,1094137
"vallada2008/I_0,6_0,2_250_50_4.txt",vallada2008,250,50,0.6,0.2,1500,1071931,0,1074727
"vallada2008/I_0,6_0,2_250_50_5.txt",vallada2008,250,50,0.6,0.2,1500,1133544,0,1133544
"vallada2008/I_0,6_0,2_350_10_1.txt",vallada2008,350,10,0.6,0.2,420,934996,0,934996
"vallada2008/I_0,6_0,2_350_10_2.txt",vallada2008,350,10,0.6,0.2,420,962821,0,962821
"vallada2008/I_0,6_0,2_350_10_3.txt",vallada2008,350,10,0.6,0.2,420,931103,0,931103
"vallada2008/I_0,6_0,2_350_10_4.txt",vallada2008,350,10,0.6,0.2,420,943792,0,943792
"vallada2008/I_0,6_0,2_350_10_5.txt",vallada2008,350,10,0.6,0.2,420,969591,0,969591
"vallada2008/I_0,6_0,2_350_30_1.txt",vallada2008,350,30,0.6,0.2,1260,1416557,0,1416557
"vallada2008/I_0,6_0,2_350_30_2.txt",vallada2008,350,30,0.6,0.2,1260,1420446,0,1420446
"vallada2008/I_0,6_0,2_350_30_3.txt",vallada2008,350,30,0.6,0.2,1260,1428903,0,1428903
"vallada2008/I_0,6_0,2_350_30_4.txt",vallada2008,350,30,0.6,0.2,1260,1446741,0,1446741
"vallada2008/I_0,6_0,2_350_30_5.txt",vallada2008,350,30,0.6,0.2,1260,1419665,0,1419665
"vallada2008/I_0,6_0,2_350_50_1.txt",vallada2008,350,50,0.6,0.2,2100,1942425,0,1942425
"vallada2008/I_0,6_0,2_350_50_2.txt",vallada2008,350,50,0.6,0.2,2100,1929558,0,1929558
"vallada2008/I_0,6_0,2_350_50_3.txt",vallada2008,350,50,0.6,0.2,2100,1895031,0,1895031
"vallada2008/I_0,6_0,2_350_50_4.txt",vallada2008,350,50,0.6,0.2,2100,1930167,0,1930167
"vallada2008/I_0,6_0,2_350_50_5.txt",vallada2008,350,50,0.6,0.2,2100,1829745,0,1829745
"vallada2008/I_0,6_0,6_50_10_1.txt",vallada2008,50,10,0.6,0.6,60,28545,0,28699
"vallada2008/I_0,6_0,6_50_10_2.txt",vallada2008,50,10,0.6,0.6,60,33580,0,33748
"vallada2008/I_0,6_0,6_50_10_3.txt",vallada2008,50,10,0.6,0.6,60,31551,0,31596
"vallada2008/I_0,6_0,6_50_10_4.txt",vallada2008,50,10,0.6,0.6,60,41375,0,41625
"vallada2008/I_0,6_0,6_50_10_5.txt",vallada2008,50,10,0.6,0.6,60,34602,0,34633
"vallada2008/I_0,6_0,6_50_30_1.txt",vallada2008,50,30,0.6,0.6,180,82594,0,82594
"vallada2008/I_0,6_0,6_50_30_2.txt",vallada2008,50,30,0.6,0.6,180,78882,0,78882
"vallada2008/I_0,6_0,6_50_30_3.txt",vallada2008,50,30,0.6,0.6,180,80741,0,80868
"vallada2008/I_0,6_0,6_50_30_4.txt",vallada2008,50,30,0.6,0.6,180,84156,0,84156
"vallada2008/I_0,6_0,6_50_30_5.txt",vallada2008,50,30,0.6,0.6,180,76444,0,76444
"vallada2008/I_0,6_0,6_50_50_1.txt",vallada2008,50,50,0.6,0.6,300,134950,0,134950
"vallada2008/I_0,6_0,6_50_50_2.txt",vallada2008,50,50,0.6,0.6,300,128259,0,128259
"vallada2008/I_0,6_0,6_50_50_3.txt",vallada2008,50,50,0.6,0.6,300,129371,0,129371
"vallada2008/I_0,6_0,6_50_50_4.txt",vallada2008,50,50,0.6,0.6,300,121416,0,121641
"vallada2008/I_0,6_0,6_50_50_5.txt",vallada2008,50,50,0.6,0.6,300,131517,0,131905
"vallada2008/I_0,6_0,6_150_10_1.txt",vallada2008,150,10,0.6,0.6,180,181583,0,181583
"vallada2008/I_0,6_0,6_150_10_2.txt",vallada2008,150,10,0.6,0.6,180,139635,0,139635
"vallada2008/I_0,6_0,6_150_10_3.txt",vallada2008,150,10,0.6,0.6,180,148039,0,148039
"vallada2008/I_0,6_0,6_150_10_4.txt",vallada2008,150,10,0.6,0.6,180,193106,0,193106
"vallada2008/I_0,6_0,6_150_10_5.txt",vallada2008,150,10,0.6,0.6,180,183924,0,187243
"vallada2008/I_0,6_0,6_150_30_1.txt",vallada2008,150,30,0.6,0.6,540,350803,0,355776
"vallada2008/I_0,6_0,6_150_30_2.txt",vallada2008,150,30,0.6,0.6,540,361849,0,368175
"vallada2008/I_0,6_0,6_150_30_3.txt",vallada2008,150,30,0.6,0.6,540,348193,0,348193
"vallada2008/I_0,6_0,6_150_30_4.txt",vallada2008,150,30,0.6,0.6,540,358534,0,359781
"vallada2008/I_0,6_0,6_150_30_5.txt",vallada2008,150,30,0.6,0.6,540,346060,0,348442
"vallada2008/I_0,6_0,6_150_50_1.txt",vallada2008,150,50,0.6,0.6,900,505307,0,507687
"vallada2008/I_0,6_0,6_150_50_2.txt",vallada2008,150,50,0.6,0.6,900,515726,0,516887
"vallada2008/I_0,6_0,6_150_50_3.txt",vallada2008,150,50,0.6,0.6,900,530373,0,532338
"vallada2008/I_0,6_0,6_150_50_4.txt",vallada2008,150,50,0.6,0.6,900,523894,0,523894
"vallada2008/I_0,6_0,6_150_50_5.txt",vallada2008,150,50,0.6,0.6,900,513087,0,516365
"vallada2008/I_0,6_0,6_250_10_1.txt",vallada2008,250,10,0.6,0.6,300,392748,0,392748
"vallada2008/I_0,6_0,6_250_10_2.txt",vallada2008,250,10,0.6,0.6,300,317933,0,317933
"vallada2008/I_0,6_0,6_250_10_3.txt",vallada2008,250,10,0.6,0.6,300,392685,0,392685
"vallada2008/I_0,6_0,6_250_10_4.txt",vallada2008,250,10,0.6,0.6,300,346528,0,346528
"vallada2008/I_0,6_0,6_250_10_5.txt",vallada2008,250,10,0.6,0.6,300,312861,0,313187
"vallada2008/I_0,6_0,6_250_30_1.txt",vallada2008,250,30,0.6,0.6,900,740219,0,740219
"vallada2008/I_0,6_0,6_250_30_2.txt",vallada2008,250,30,0.6,0.6,900,830199,0,830199
"vallada2008/I_0,6_0,6_250_30_3.txt",vallada2008,250,30,0.6,0.6,900,852097,0,852097
"vallada2008/I_0,6_0,6_250_30_4.txt",vallada2008,250,30,0.6,0.6,900,837754,0,837754
"vallada2008/I_0,6_0,6_250_30_5.txt",vallada2008,250,30,0.6,0.6,900,763551,0,763551
"vallada2008/I_0,6_0,6_250_50_1.txt",vallada2008,250,50,0.6,0.6,1500,1080391,0,1080391
"vallada2008/I_0,6_0,6_250_50_2.txt",vallada2008,250,50,0.6,0.6,1500,1124020,0,1124020
"vallada2008/I_0,6_0,6_250_50_3.txt",vallada2008,250,50,0.6,0.6,1500,1127909,0,1127909
"vallada2008/I_0,6_0,6_250_50_4.txt",vallada2008,250,50,0.6,0.6,1500,1084377,0,1086613
"vallada2008/I_0,6_0,6_250_50_5.txt",vallada2008,250,50,0.6,0.6,1500,1090996,0,1090996
"vallada2008/I_0,6_0,6_350_10_1.txt",vallada2008,350,10,0.6,0.6,420,762169,0,762169
"vallada2008/I_0,6_0,6_350_10_2.txt",vallada2008,350,10,0.6,0.6,420,691141,0,691141
"vallada2008/I_0,6_0,6_350_10_3.txt",vallada2008,350,10,0.6,0.6,420,742254,0,742254
"vallada2008/I_0,6_0,6_350_10_4.txt",vallada2008,350,10,0.6,0.6,420,756250,0,756250
"vallada2008/I_0,6_0,6_350_10_5.txt",vallada2008,350,10,0.6,0.6,420,670522,0,670522
"vallada2008/I_0,6_0,6_350_30_1.txt",vallada2008,350,30,0.6,0.6,1260,1390773,0,1390773
"vallada2008/I_0,6_0,6_350_30_2.txt",vallada2008,350,30,0.6,0.6,1260,1364516,0,1364516
"vallada2008/I_0,6_0,6_350_30_3.txt",vallada2008,350,30,0.6,0.6,1260,1315149,0,1315149
"vallada2008/I_0,6_0,6_350_30_4.txt",vallada2008,350,30,0.6,0.6,1260,1350168,0,1350168
"vallada2008/I_0,6_0,6_350_30_5.txt",vallada2008,350,30,0.6,0.6,1260,1329289,0,1329289
"vallada2008/I_0,6_0,6_350_50_1.txt",vallada2008,350,50,0.6,0.6,2100,1857268,0,1857268
"vallada2008/I_0,6_0,6_350_50_2.txt",vallada2008,350,50,0.6,0.6,2100,1822815,0,1822815
"vallada2008/I_0,6_0,6_350_50_3.txt",vallada2008,350,50,0.6,0.6,2100,1824433,0,1824433
"vallada2008/I_0,6_0,6_350_50_4.txt",vallada2008,350,50,0.6,0.6,2100,1817508,0,1817508
"vallada2008/I_0,6_0,6_350_50_5.txt",vallada2008,350,50,0.6,0.6,2100,1799954,0,1799954
"vallada2008/I_0,6_1_50_10_1.txt",vallada2008,50,10,0.6,1,60,22945,0,23014
"vallada2008/I_0,6_1_50_10_2.txt",vallada2008,50,10,0.6,1,60,23511,0,23541
"vallada2008/I_0,6_1_50_10_3.txt",vallada2008,50,10,0.6,1,60,27818,0,27818
"vallada2008/I_0,6_1_50_10_4.txt",vallada2008,50,10,0.6,1,60,17471,0,17630
"vallada2008/I_0,6_1_50_10_5.txt",vallada2008,50,10,0.6,1,60,22792,0,22965
"vallada2008/I_0,6_1_50_30_1.txt",vallada2008,50,30,0.6,1,180,79209,0,79294
"vallada2008/I_0,6_1_50_30_2.txt",vallada2008,50,30,0.6,1,180,68857,0,68895
"vallada2008/I_0,6_1_50_30_3.txt",vallada2008,50,30,0.6,1,180,69967,0,69967
"vallada2008/I_0,6_1_50_30_4.txt",vallada2008,50,30,0.6,1,180,71289,0,71289
"vallada2008/I_0,6_1_50_30_5.txt",vallada2008,50,30,0.6,1,180,67624,0,67624
"vallada2008/I_0,6_1_50_50_1.txt",vallada2008,50,50,0.6,1,300,107823,0,107958
"vallada2008/I_0,6_1_50_50_2.txt",vallada2008,50,50,0.6,1,300,101528,0,101541
"vallada2008/I_0,6_1_50_50_3.txt",vallada2008,50,50,0.6,1,300,114499,0,114499
"vallada2008/I_0,6_1_50_50_4.txt",vallada2008,50,50,0.6,1,300,119113,0,119225
"vallada2008/I_0,6_1_50_50_5.txt",vallada2008,50,50,0.6,1,300,92643,0,92832
"vallada2008/I_0,6_1_150_10_1.txt",vallada2008,150,10,0.6,1,180,98056,0,100458
"vallada2008/I_0,6_1_150_10_2.txt",vallada2008,150,10,0.6,1,180,90124,0,90124
"vallada2008/I_0,6_1_150_10_3.txt",vallada2008,150,10,0.6,1,180,112909,0,114771
"vallada2008/I_0,6_1_150_10_4.txt",vallada2008,150,10,0.6,1,180,91746,0,91746
"vallada2008/I_0,6_1_150_10_5.txt",vallada2008,150,10,0.6,1,180,101181,0,101181
"vallada2008/I_0,6_1_150_30_1.txt",vallada2008,150,30,0.6,1,540,290877,0,292221
"vallada2008/I_0,6_1_150_30_2.txt",vallada2008,150,30,0.6,1,540,321644,0,321644
"vallada2008/I_0,6_1_150_30_3.txt",vallada2008,150,30,0.6,1,540,297923,0,301116
"vallada2008/I_0,6_1_150_30_4.txt",vallada2008,150,30,0.6,1,540,283659,0,286139
"vallada2008/I_0,6_1_150_30_5.txt",vallada2008,150,30,0.6,1,540,313964,0,315045
"vallada2008/I_0,6_1_150_50_1.txt",vallada2008,150,50,0.6,1,900,429452,0,430911
"vallada2008/I_0,6_1_150_50_2.txt",vallada2008,150,50,0.6,1,900,462924,0,462924
"vallada2008/I_0,6_1_150_50_3.txt",vallada2008,150,50,0.6,1,900,497614,0,500337
"vallada2008/I_0,6_1_150_50_4.txt",vallada2008,150,50,0.6,1,900,488814,0,488814
"vallada2008/I_0,6_1_150_50_5.txt",vallada2008,150,50,0.6,1,900,474388,0,474388
"vallada2008/I_0,6_1_250_10_1.txt",vallada2008,250,10,0.6,1,300,256327,0,256327
"vallada2008/I_0,6_1_250_10_2.txt",vallada2008,250,10,0.6,1,300,183917,0,186350
"vallada2008/I_0,6_1_250_10_3.txt",vallada2008,250,10,0.6,1,300,214864,0,214864
"vallada2008/I_0,6_1_250_10_4.txt",vallada2008,250,10,0.6,1,300,235000,0,235000
"vallada2008/I_0,6_1_250_10_5.txt",vallada2008,250,10,0.6,1,300,246103,0,246103
"vallada2008/I_0,6_1_250_30_1.txt",vallada2008,250,30,0.6,1,900,537089,0,537089
"vallada2008/I_0,6_1_250_30_2.txt",vallada2008,250,30,0.6,1,900,560795,0,566779
"vallada2008/I_0,6_1_250_30_3.txt",vallada2008,250,30,0.6,1,900,569240,0,569240
"vallada2008/I_0,6_1_250_30_4.txt",vallada2008,250,30,0.6,1,900,609469,0,609469
"vallada2008/I_0,6_1_250_30_5.txt",vallada2008,250,30,0.6,1,900,653392,0,653392
"vallada2008/I_0,6_1_250_50_1.txt",vallada2008,250,50,0.6,1,1500,837377,0,837377
"vallada2008/I_0,6_1_250_50_2.txt",vallada2008,250,50,0.6,1,1500,905871,0,906166
"vallada2008/I_0,6_1_250_50_3.txt",vallada2008,250,50,0.6,1,1500,910467,0,910467
"vallada2008/I_0,6_1_250_50_4.txt",vallada2008,250,50,0.6,1,1500,911767,0,911767
"vallada2008/I_0,6_1_250_50_5.txt",vallada2008,250,50,0.6,1,1500,814720,0,814720
"vallada2008/I_0,6_1_350_10_1.txt",vallada2008,350,10,0.6,1,420,410581,0,410581
"vallada2008/I_0,6_1_350_10_2.txt",vallada2008,350,10,0.6,1,420,303113,0,303113
"vallada2008/I_0,6_1_350_10_3.txt",vallada2008,350,10,0.6,1,420,602593,0,602593
"vallada2008/I_0,6_1_350_10_4.txt",vallada2008,350,10,0.6,1,420,543470,0,544185
"vallada2008/I_0,6_1_350_10_5.txt",vallada2008,350,10,0.6,1,420,486422,0,493330
"vallada2008/I_0,6_1_350_30_1.txt",vallada2008,350,30,0.6,1,1260,924489,0,924489
"vallada2008/I_0,6_1_350_30_2.txt",vallada2008,350,30,0.6,1,1260,839166,0,839166
"vallada2008/I_0,6_1_350_30_3.txt",vallada2008,350,30,0.6,1,1260,1045907,0,1045907
"vallada2008/I_0,6_1_350_30_4.txt",vallada2008,350,30,0.6,1,1260,1011773,0,1011773
"vallada2008/I_0,6_1_350_30_5.txt",vallada2008,350,30,0.6,1,1260,1029485,0,1029485
"vallada2008/I_0,6_1_350_50_1.txt",vallada2008,350,50,0.6,1,2100,1383865,0,1383865
"vallada2008/I_0,6_1_350_50_2.txt",vallada2008,350,50,0.6,1,2100,1515110,0,1515110
"vallada2008/I_0,6_1_350_50_3.txt",vallada2008,350,50,0.6,1,2100,1314980,0,1314980
"vallada2008/I_0,6_1_350_50_4.txt",vallada2008,350,50,0.6,1,2100,1360637,0,1360637
"vallada2008/I_0,6_1_350_50_5.txt",vallada2008,350,50,0.6,1,2100,1399170,0,1399170
